{
  "model": "rf",
  "horizon": 1,
  "use_neutral_band": false,
  "neutral_band": null,
  "split_date": "2019-01-01",
  "threshold": 0.6,
  "train_rows": 2072,
  "test_rows": 1865,
  "baseline_ma_test": {
    "total_return": 0.09484603686148896,
    "annualized_return": 0.01231904992485644,
    "annualized_volatility": 0.07201829230172548,
    "sharpe": 0.20600105425314078,
    "max_drawdown": -0.1435392208852685,
    "num_position_changes": 45
  },
  "ma_ml_filtered_test": {
    "total_return": 0.01013551812643998,
    "annualized_return": 0.0013635526812614263,
    "annualized_volatility": 0.01247853419291746,
    "sharpe": 0.11543315366279032,
    "max_drawdown": -0.03495185173580195,
    "num_position_changes": 48
  },
  "features": [
    "return_1",
    "return_3",
    "return_5",
    "return_1_lag1",
    "return_1_lag2",
    "return_1_lag3",
    "return_1_lag5",
    "vol_10",
    "vol_20",
    "vol_60",
    "vol_percentile_252",
    "ma_ratio_10_20",
    "ma_ratio_20_50",
    "rsi"
  ]
}