{
  "experiment": "signal_profit_target",
  "model": "rf",
  "profit_horizon_days": 3,
  "neutral_band": 0.0005,
  "split_date": "2019-01-01",
  "threshold": 0.6,
  "train_rows": 1980,
  "test_rows": 1763,
  "baseline_ma_test": {
    "total_return": 0.10759791314018874,
    "annualized_return": 0.014714579578326115,
    "annualized_volatility": 0.0737834965804495,
    "sharpe": 0.23484351078541335,
    "max_drawdown": -0.14338629719030693,
    "num_position_changes": 45
  },
  "ma_profit_filtered_test": {
    "total_return": 0.009822079637378023,
    "annualized_return": 0.0013980764859080619,
    "annualized_volatility": 0.006628672128870098,
    "sharpe": 0.21408054047482858,
    "max_drawdown": -0.014355439280167026,
    "num_position_changes": 44
  },
  "features": [
    "return_1",
    "return_3",
    "return_5",
    "return_1_lag1",
    "return_1_lag2",
    "return_1_lag3",
    "return_1_lag5",
    "vol_10",
    "vol_20",
    "vol_60",
    "vol_percentile_252",
    "ma_ratio_10_20",
    "ma_ratio_20_50",
    "rsi"
  ]
}